[
{
  "model": "apps.parent",
  "pk": 1,
  "fields": {
    "name": "David"
  }
},
{
  "model": "apps.parent",
  "pk": 2,
  "fields": {
    "name": "Mark"
  }
},
{
  "model": "apps.parent",
  "pk": 3,
  "fields": {
    "name": "Kevin"
  }
},
{
  "model": "apps.child",
  "pk": 1,
  "fields": {
    "parent": 1,
    "name": "Michael"
  }
},
{
  "model": "apps.child",
  "pk": 2,
  "fields": {
    "parent": 1,
    "name": "Paul"
  }
},
{
  "model": "apps.child",
  "pk": 3,
  "fields": {
    "parent": 1,
    "name": "Mitchell"
  }
},
{
  "model": "apps.child",
  "pk": 4,
  "fields": {
    "parent": 2,
    "name": "Gary"
  }
},
{
  "model": "apps.child",
  "pk": 5,
  "fields": {
    "parent": 2,
    "name": "Mark"
  }
},
{
  "model": "apps.child",
  "pk": 6,
  "fields": {
    "parent": 2,
    "name": "Robert"
  }
},
{
  "model": "apps.child",
  "pk": 7,
  "fields": {
    "parent": 3,
    "name": "Carl"
  }
},
{
  "model": "apps.child",
  "pk": 8,
  "fields": {
    "parent": 3,
    "name": "Franklin"
  }
},
{
  "model": "apps.child",
  "pk": 9,
  "fields": {
    "parent": 3,
    "name": "Steven"
  }
},
{
  "model": "apps.grandson",
  "pk": 1,
  "fields": {
    "child": 1,
    "name": "Eric"
  }
},
{
  "model": "apps.grandson",
  "pk": 2,
  "fields": {
    "child": 1,
    "name": "Paul"
  }
},
{
  "model": "apps.grandson",
  "pk": 3,
  "fields": {
    "child": 1,
    "name": "Vincent"
  }
},
{
  "model": "apps.grandson",
  "pk": 4,
  "fields": {
    "child": 1,
    "name": "Christopher"
  }
},
{
  "model": "apps.grandson",
  "pk": 5,
  "fields": {
    "child": 1,
    "name": "Matthew"
  }
},
{
  "model": "apps.grandson",
  "pk": 6,
  "fields": {
    "child": 2,
    "name": "Nicholas"
  }
},
{
  "model": "apps.grandson",
  "pk": 7,
  "fields": {
    "child": 2,
    "name": "Ryan"
  }
},
{
  "model": "apps.grandson",
  "pk": 8,
  "fields": {
    "child": 2,
    "name": "Seth"
  }
},
{
  "model": "apps.grandson",
  "pk": 9,
  "fields": {
    "child": 2,
    "name": "Andrew"
  }
},
{
  "model": "apps.grandson",
  "pk": 10,
  "fields": {
    "child": 2,
    "name": "Noah"
  }
},
{
  "model": "apps.grandson",
  "pk": 11,
  "fields": {
    "child": 3,
    "name": "Wesley"
  }
},
{
  "model": "apps.grandson",
  "pk": 12,
  "fields": {
    "child": 3,
    "name": "Riley"
  }
},
{
  "model": "apps.grandson",
  "pk": 13,
  "fields": {
    "child": 3,
    "name": "Derek"
  }
},
{
  "model": "apps.grandson",
  "pk": 14,
  "fields": {
    "child": 3,
    "name": "Jacob"
  }
},
{
  "model": "apps.grandson",
  "pk": 15,
  "fields": {
    "child": 3,
    "name": "William"
  }
},
{
  "model": "apps.grandson",
  "pk": 16,
  "fields": {
    "child": 4,
    "name": "Douglas"
  }
},
{
  "model": "apps.grandson",
  "pk": 17,
  "fields": {
    "child": 4,
    "name": "Mitchell"
  }
},
{
  "model": "apps.grandson",
  "pk": 18,
  "fields": {
    "child": 4,
    "name": "Daniel"
  }
},
{
  "model": "apps.grandson",
  "pk": 19,
  "fields": {
    "child": 4,
    "name": "Shawn"
  }
},
{
  "model": "apps.grandson",
  "pk": 20,
  "fields": {
    "child": 4,
    "name": "Michael"
  }
},
{
  "model": "apps.grandson",
  "pk": 21,
  "fields": {
    "child": 5,
    "name": "Eric"
  }
},
{
  "model": "apps.grandson",
  "pk": 22,
  "fields": {
    "child": 5,
    "name": "Manuel"
  }
},
{
  "model": "apps.grandson",
  "pk": 23,
  "fields": {
    "child": 5,
    "name": "Jonathan"
  }
},
{
  "model": "apps.grandson",
  "pk": 24,
  "fields": {
    "child": 5,
    "name": "Ronald"
  }
},
{
  "model": "apps.grandson",
  "pk": 25,
  "fields": {
    "child": 5,
    "name": "Harry"
  }
},
{
  "model": "apps.grandson",
  "pk": 26,
  "fields": {
    "child": 6,
    "name": "Shawn"
  }
},
{
  "model": "apps.grandson",
  "pk": 27,
  "fields": {
    "child": 6,
    "name": "Malik"
  }
},
{
  "model": "apps.grandson",
  "pk": 28,
  "fields": {
    "child": 6,
    "name": "Gerald"
  }
},
{
  "model": "apps.grandson",
  "pk": 29,
  "fields": {
    "child": 6,
    "name": "Lee"
  }
},
{
  "model": "apps.grandson",
  "pk": 30,
  "fields": {
    "child": 6,
    "name": "Brian"
  }
},
{
  "model": "apps.grandson",
  "pk": 31,
  "fields": {
    "child": 7,
    "name": "Daniel"
  }
},
{
  "model": "apps.grandson",
  "pk": 32,
  "fields": {
    "child": 7,
    "name": "Dustin"
  }
},
{
  "model": "apps.grandson",
  "pk": 33,
  "fields": {
    "child": 7,
    "name": "Michael"
  }
},
{
  "model": "apps.grandson",
  "pk": 34,
  "fields": {
    "child": 7,
    "name": "Jeffery"
  }
},
{
  "model": "apps.grandson",
  "pk": 35,
  "fields": {
    "child": 7,
    "name": "Alejandro"
  }
},
{
  "model": "apps.grandson",
  "pk": 36,
  "fields": {
    "child": 8,
    "name": "Christopher"
  }
},
{
  "model": "apps.grandson",
  "pk": 37,
  "fields": {
    "child": 8,
    "name": "Nathan"
  }
},
{
  "model": "apps.grandson",
  "pk": 38,
  "fields": {
    "child": 8,
    "name": "Douglas"
  }
},
{
  "model": "apps.grandson",
  "pk": 39,
  "fields": {
    "child": 8,
    "name": "Daniel"
  }
},
{
  "model": "apps.grandson",
  "pk": 40,
  "fields": {
    "child": 8,
    "name": "Angel"
  }
},
{
  "model": "apps.grandson",
  "pk": 41,
  "fields": {
    "child": 9,
    "name": "Andrew"
  }
},
{
  "model": "apps.grandson",
  "pk": 42,
  "fields": {
    "child": 9,
    "name": "Jorge"
  }
},
{
  "model": "apps.grandson",
  "pk": 43,
  "fields": {
    "child": 9,
    "name": "Taylor"
  }
},
{
  "model": "apps.grandson",
  "pk": 44,
  "fields": {
    "child": 9,
    "name": "Daniel"
  }
},
{
  "model": "apps.grandson",
  "pk": 45,
  "fields": {
    "child": 9,
    "name": "Henry"
  }
}
]
